kind,name,status,files,lat,lon,count,events,details
start,01.csv start,,01.csv,30.309324,120.248619,,,2026-01-01 00:05:11
end,01.csv end,,01.csv,30.31286,120.244583,,,2026-05-01 19:01:59
start,02.csv start,,02.csv,30.277372,120.206467,,,2026-01-01 00:00:05
end,02.csv end,,02.csv,30.276644,120.206375,,,2026-05-30 23:59:55
start,03.csv start,,03.csv,30.310518,120.248314,,,2026-01-01 00:00:06
end,03.csv end,,03.csv,30.309372,120.247513,,,2026-05-30 23:55:21
start,04.csv start,,04.csv,30.276697,120.206383,,,2026-01-01 00:00:01
end,04.csv end,,04.csv,30.277315,120.206421,,,2026-05-30 23:59:53
start,05.csv start,,05.csv,30.277,120.206718,,,2026-01-01 00:36:44
end,05.csv end,,05.csv,30.276876,120.206306,,,2026-05-30 23:59:57
charging_location,charge-1,,"02.csv,04.csv,05.csv",30.277197,120.206469,203266,,2026-01-01 00:00:01 至 2026-05-30 23:59:55
charging_location,charge-2,,"01.csv,02.csv,03.csv,04.csv,05.csv",30.310091,120.248428,141322,,2026-01-01 00:00:06 至 2026-05-30 23:55:21
charging_location,charge-3,,"01.csv,02.csv,03.csv,04.csv",30.313073,120.247742,6066,,2026-01-01 23:45:18 至 2026-05-26 01:00:13
charging_location,charge-4,,"01.csv,02.csv,03.csv,04.csv",30.308527,120.249364,4037,,2026-01-01 23:42:15 至 2026-05-27 23:29:57
charging_location,charge-5,,"01.csv,02.csv,03.csv,04.csv",30.311677,120.248328,1874,,2026-01-02 23:26:05 至 2026-05-21 23:50:17
charging_location,charge-6,,"01.csv,03.csv,04.csv",30.310451,120.245555,1568,,2026-01-03 22:35:10 至 2026-05-22 00:18:57
charging_location,charge-7,,"01.csv,02.csv,03.csv,04.csv",30.308514,120.246887,1416,,2026-01-03 22:33:07 至 2026-05-21 23:39:57
charging_location,charge-8,,"01.csv,02.csv,03.csv,04.csv",30.31029,120.251085,1158,,2026-01-06 23:05:46 至 2026-05-23 00:16:11
charging_location,charge-9,,"01.csv,02.csv,03.csv,04.csv",30.313067,120.245782,588,,2026-01-11 23:52:27 至 2026-05-21 23:34:47
charging_location,charge-10,,"01.csv,03.csv",30.310478,120.246771,544,,2026-01-12 22:35:34 至 2026-05-18 23:55:37
charging_location,charge-11,,"01.csv,03.csv,04.csv",30.314176,120.25005,544,,2026-01-15 23:07:43 至 2026-05-18 22:55:47
charging_location,charge-12,,"01.csv,03.csv",30.308601,120.24288,504,,2026-02-05 23:48:05 至 2026-05-08 23:54:58
charging_location,charge-13,,"01.csv,03.csv,04.csv",30.307185,120.245186,480,,2026-01-13 00:20:48 至 2026-04-23 00:16:23
charging_location,charge-14,,03.csv,30.306044,120.247826,425,,2026-01-31 22:38:28 至 2026-01-31 23:49:08
charging_location,charge-15,,03.csv,30.30519,120.254147,323,,2026-04-28 23:52:19 至 2026-04-29 00:45:59
charging_location,charge-16,,"01.csv,03.csv,04.csv",30.312342,120.251632,278,,2026-02-03 23:08:00 至 2026-04-27 23:25:14
charging_location,charge-17,,03.csv,30.297844,120.250702,103,,2026-04-07 22:30:15 至 2026-04-07 22:47:15
charging_location,charge-18,,"01.csv,03.csv",30.31286,120.251321,84,,2026-02-06 23:11:06 至 2026-04-28 22:56:56
charging_location,charge-19,,04.csv,30.315631,120.249261,65,,2026-03-19 23:13:30 至 2026-03-19 23:27:40
charging_location,charge-20,,"01.csv,03.csv",30.311779,120.244555,59,,2026-02-17 23:21:05 至 2026-04-09 22:56:00
charging_location,charge-21,,03.csv,30.309718,120.238881,39,,2026-02-05 23:48:35 至 2026-02-17 23:19:35
charging_location,charge-22,,03.csv,30.311945,120.245832,38,,2026-01-11 23:52:37 至 2026-02-17 23:21:55
charging_location,charge-23,,"03.csv,04.csv",30.309072,120.241485,37,,2026-02-01 23:14:43 至 2026-05-21 22:48:07
charging_location,charge-24,,"01.csv,03.csv,04.csv",30.306665,120.249244,32,,2026-01-07 23:56:03 至 2026-04-13 22:41:36
charging_location,charge-25,,04.csv,30.317643,120.248916,30,,2026-01-03 22:30:47 至 2026-03-19 23:17:00
charging_location,charge-26,,"01.csv,04.csv",30.309364,120.25131,27,,2026-02-08 23:32:23 至 2026-04-30 23:08:23
charging_location,charge-27,,03.csv,30.315265,120.246654,27,,2026-02-20 23:17:42 至 2026-02-20 23:22:02
charging_location,charge-28,,03.csv,30.310988,120.238184,25,,2026-02-17 23:10:55 至 2026-02-17 23:14:55
charging_location,charge-29,,"03.csv,04.csv",30.314905,120.2508,21,,2026-02-01 23:07:03 至 2026-05-06 23:48:15
charging_location,charge-30,,03.csv,30.309208,120.243789,15,,2026-05-08 22:46:39 至 2026-05-08 22:49:29
charging_location,charge-31,,01.csv,30.306679,120.245939,13,,2026-03-26 23:08:03 至 2026-03-26 23:10:03
charging_location,charge-32,,"01.csv,03.csv",30.307417,120.253152,10,,2026-01-01 23:43:05 至 2026-04-28 23:52:09
charging_location,charge-33,,03.csv,30.308708,120.236397,1,,2026-02-05 23:48:55 至 2026-02-05 23:48:55
bus_stop,景芳北站,confirmed,"02.csv,04.csv,05.csv",30.2769696,120.2065659,,5409,停靠5409次，累计1650253秒
bus_stop,浙医一院,confirmed,"02.csv,03.csv,04.csv,05.csv",30.2604743,120.1711173,,2468,停靠2468次，累计117460秒
bus_stop,福临街普照巷口,confirmed,"01.csv,03.csv",30.311241,120.2402464,,2454,停靠2454次，累计775321秒
bus_stop,众安桥,confirmed,"02.csv,03.csv,04.csv,05.csv",30.260563,120.166127,,2388,停靠2388次，累计179703秒
bus_stop,众安桥,confirmed,"02.csv,03.csv,04.csv,05.csv",30.2602647,120.1654034,,2251,停靠2251次，累计120500秒
bus_stop,九堡,confirmed,"01.csv,03.csv",30.3093492,120.2620876,,1921,停靠1921次，累计106788秒
bus_stop,庆春路浣纱路口,confirmed,"02.csv,04.csv,05.csv",30.2606925,120.162961,,1724,停靠1724次，累计87450秒
bus_stop,红菱新村,confirmed,"02.csv,04.csv,05.csv",30.2648598,120.1955963,,1548,停靠1548次，累计74470秒
bus_stop,庆春路红菱新村,confirmed,"02.csv,04.csv,05.csv",30.2601376,120.1944559,,1465,停靠1465次，累计81980秒
bus_stop,六公园,confirmed,"02.csv,04.csv,05.csv",30.2614674,120.1558506,,1394,停靠1394次，累计381809秒
bus_stop,地铁九和路站,confirmed,"01.csv,02.csv,03.csv,04.csv",30.3083611,120.2490035,,1292,停靠1292次，累计45920秒
bus_stop,六公园,confirmed,"02.csv,04.csv,05.csv",30.2611912,120.1565717,,1193,停靠1193次，累计77190秒
bus_stop,景芳水湘苑,confirmed,"02.csv,04.csv,05.csv",30.2729788,120.2081795,,1167,停靠1167次，累计63176秒
bus_stop,庆春路红菱新村,confirmed,"02.csv,04.csv,05.csv",30.2598866,120.1938813,,942,停靠942次，累计44850秒
bus_stop,皮市巷,confirmed,"02.csv,03.csv,04.csv,05.csv",30.2602219,120.1700652,,937,停靠937次，累计42690秒
bus_stop,景芳一区南,confirmed,"02.csv,04.csv,05.csv",30.2667748,120.1994044,,802,停靠802次，累计38533秒
bus_stop,九和路九盛路口,confirmed,"01.csv,03.csv",30.3103286,120.2551836,,705,停靠705次，累计24450秒
bus_stop,福临街普照巷口,confirmed,"01.csv,03.csv",30.3113938,120.2398735,,702,停靠702次，累计239940秒
bus_stop,运新花苑,confirmed,"02.csv,04.csv,05.csv",30.2731901,120.2189153,,685,停靠685次，累计256518秒
bus_stop,吴山广场紫薇园,confirmed,"02.csv,04.csv,05.csv",30.2448866,120.1606941,,669,停靠669次，累计162378秒
bus_stop,九和路九环路口,confirmed,"01.csv,03.csv",30.3097333,120.253229,,631,停靠631次，累计13500秒
bus_stop,六公园,confirmed,"02.csv,04.csv,05.csv",30.2612779,120.1555763,,590,停靠590次，累计52402秒
bus_stop,浙医一院,confirmed,"02.csv,03.csv,04.csv,05.csv",30.2601951,120.1743036,,586,停靠586次，累计18470秒
bus_stop,景芳六区,confirmed,"02.csv,04.csv,05.csv",30.2730086,120.2054474,,583,停靠583次，累计17000秒
bus_stop,普福公寓,confirmed,"01.csv,03.csv",30.3124003,120.2443847,,561,停靠561次，累计13300秒
bus_stop,大学路北口,confirmed,"02.csv,04.csv,05.csv",30.2605829,120.1777981,,557,停靠557次，累计21590秒
bus_stop,胡雪岩故居,confirmed,"02.csv,04.csv,05.csv",30.239988,120.1692285,,554,停靠554次，累计22480秒
bus_stop,景芳四区,confirmed,"02.csv,04.csv,05.csv",30.2728348,120.2019659,,505,停靠505次，累计25520秒
bus_stop,胡雪岩故居,confirmed,"02.csv,04.csv,05.csv",30.239847,120.1687755,,486,停靠486次，累计23500秒
bus_stop,红五月社区,confirmed,"01.csv,02.csv,03.csv,04.csv,05.csv",30.3107027,120.2480978,,412,停靠412次，累计111686秒
bus_stop,地铁九和路站,confirmed,"01.csv,02.csv,03.csv,04.csv,05.csv",30.3086428,120.2490992,,392,停靠392次，累计57757秒
bus_stop,九和路九环路口,confirmed,"01.csv,03.csv,04.csv",30.3098476,120.2526289,,362,停靠362次，累计8750秒
bus_stop,众安桥北,confirmed,"02.csv,04.csv,05.csv",30.2610614,120.16477,,360,停靠360次，累计24860秒
bus_stop,庆春广场,confirmed,"02.csv,04.csv,05.csv",30.2600336,120.1999521,,328,停靠328次，累计18430秒
bus_stop,省青春医院,confirmed,"02.csv,05.csv",30.2601491,120.1889698,,324,停靠324次，累计9010秒
bus_stop,红菱新村,confirmed,"02.csv,05.csv",30.2642698,120.1960068,,317,停靠317次，累计16710秒
bus_stop,六公园,confirmed,"02.csv,04.csv,05.csv",30.2610497,120.1555996,,309,停靠309次，累计9960秒
bus_stop,庆春路浣纱路口,confirmed,"02.csv,05.csv",30.2604329,120.1621964,,303,停靠303次，累计9693秒
bus_stop,总管塘,confirmed,"02.csv,04.csv,05.csv",30.2467446,120.1898982,,287,停靠287次，累计7120秒
bus_stop,省青春医院,confirmed,"02.csv,04.csv,05.csv",30.2599097,120.1895369,,284,停靠284次，累计10700秒
bus_stop,双菱新村12幢,confirmed,"02.csv,04.csv,05.csv",30.2592132,120.1909634,,283,停靠283次，累计14850秒
bus_stop,清河坊,confirmed,"02.csv,04.csv,05.csv",30.2429175,120.1668952,,274,停靠274次，累计8900秒
bus_stop,莫邪塘,confirmed,"02.csv,04.csv,05.csv",30.2453541,120.1821445,,258,停靠258次，累计6950秒
bus_stop,庆春广场南,confirmed,"02.csv,04.csv,05.csv",30.2601468,120.2008702,,254,停靠254次，累计10330秒
bus_stop,大学路北口,confirmed,"02.csv,04.csv,05.csv",30.2605828,120.1780049,,248,停靠248次，累计8920秒
bus_stop,鼓楼,confirmed,"02.csv,04.csv,05.csv",30.2419935,120.1678704,,226,停靠226次，累计10460秒
bus_stop,九和路,confirmed,"01.csv,02.csv,03.csv,04.csv,05.csv",30.3083641,120.2487181,,225,停靠225次，累计19734秒
bus_stop,景芳二区,confirmed,"02.csv,05.csv",30.2704813,120.1992595,,225,停靠225次，累计4971秒
bus_stop,邵逸夫医院庆春院区,confirmed,"02.csv,04.csv,05.csv",30.2596695,120.1972344,,220,停靠220次，累计13750秒
bus_stop,庆春广场南,confirmed,"02.csv,04.csv,05.csv",30.2598477,120.1983215,,197,停靠197次，累计7160秒
bus_stop,普福公寓,confirmed,"01.csv,03.csv",30.3123562,120.2440396,,189,停靠189次，累计4410秒
bus_stop,景芳二区,confirmed,"02.csv,04.csv,05.csv",30.2706481,120.1990905,,186,停靠186次，累计4312秒
bus_stop,普照巷,confirmed,"01.csv,03.csv",30.310375,120.2392352,,183,停靠183次，累计4180秒
bus_stop,景芳四区,confirmed,"02.csv,04.csv,05.csv",30.2729659,120.2007448,,181,停靠181次，累计5250秒
bus_stop,红菱新村,confirmed,"02.csv,05.csv",30.2639702,120.1960281,,176,停靠176次，累计10240秒
bus_stop,望江新园一园,confirmed,"02.csv,04.csv,05.csv",30.2380159,120.1790461,,174,停靠174次，累计4660秒
bus_stop,总管塘,confirmed,"02.csv,04.csv,05.csv",30.2459558,120.1908888,,170,停靠170次，累计4050秒
bus_stop,大学路北口,confirmed,"02.csv,05.csv",30.2602717,120.1794258,,168,停靠168次，累计4480秒
bus_stop,地铁钱江路站北,confirmed,"02.csv,04.csv,05.csv",30.2608885,120.207023,,155,停靠155次，累计3600秒
bus_stop,凤起东路景昙路口,confirmed,"02.csv,05.csv",30.2658366,120.1979506,,153,停靠153次，累计6310秒
bus_stop,采荷芙蓉邨,confirmed,"02.csv,04.csv,05.csv",30.2543038,120.1901078,,150,停靠150次，累计4910秒
bus_stop,铁佛寺桥,confirmed,"02.csv,04.csv,05.csv",30.2447786,120.1675102,,149,停靠149次，累计7220秒
bus_stop,景芳六区,confirmed,"02.csv,05.csv",30.2727931,120.204801,,131,停靠131次，累计4550秒
bus_stop,五福苑二苑,confirmed,"02.csv,04.csv,05.csv",30.2633964,120.2077699,,125,停靠125次，累计3020秒
bus_stop,景芳水湘苑,confirmed,"02.csv,04.csv,05.csv",30.2728096,120.2079407,,124,停靠124次，累计3460秒
bus_stop,庆菱路,confirmed,"02.csv,05.csv",30.2600544,120.1884346,,119,停靠119次，累计3101秒
bus_stop,普福家园北区,confirmed,"01.csv,03.csv",30.3120746,120.2410966,,115,停靠115次，累计2950秒
bus_stop,杨家埠桥,confirmed,"01.csv,03.csv",30.3115121,120.2430874,,101,停靠101次，累计2410秒
bus_stop,景芳四区总站,confirmed,"02.csv,05.csv",30.2730836,120.2013376,,89,停靠89次，累计2400秒
bus_stop,运新花苑,confirmed,"02.csv,04.csv,05.csv",30.2731725,120.2192243,,89,停靠89次，累计22750秒
bus_stop,双菱新村12幢,confirmed,"02.csv,04.csv,05.csv",30.2589676,120.1911324,,86,停靠86次，累计3240秒
bus_stop,景芳四区,confirmed,"02.csv,05.csv",30.2729679,120.2018659,,78,停靠78次，累计3080秒
bus_stop,望江新园一园,confirmed,"02.csv,04.csv,05.csv",30.2378058,120.1796946,,78,停靠78次，累计1950秒
bus_stop,望江新园三园,confirmed,"02.csv,04.csv,05.csv",30.2389719,120.1809135,,77,停靠77次，累计1860秒
bus_stop,省青春医院,confirmed,"02.csv,05.csv",30.26017,120.1886111,,72,停靠72次，累计2240秒
bus_stop,铁佛寺桥,confirmed,"02.csv,04.csv,05.csv",30.2446744,120.1678804,,68,停靠68次，累计2790秒
bus_stop,地铁九堡站C口,confirmed,"01.csv,03.csv",30.3102271,120.2608217,,67,停靠67次，累计1570秒
bus_stop,双菱小区,confirmed,"02.csv,04.csv,05.csv",30.2567875,120.1911432,,66,停靠66次，累计2190秒
bus_stop,凯铁新村,confirmed,"02.csv,04.csv,05.csv",30.2521267,120.1852002,,65,停靠65次，累计1700秒
bus_stop,地铁钱江路站（A·C）,confirmed,"02.csv,04.csv,05.csv",30.2587579,120.2085925,,64,停靠64次，累计3890秒
bus_stop,采荷街道社区卫生服务中心,confirmed,"02.csv,04.csv,05.csv",30.2555317,120.191119,,59,停靠59次，累计1590秒
bus_stop,凯旋路36号,confirmed,"02.csv,04.csv,05.csv",30.2501264,120.1841024,,56,停靠56次，累计1660秒
bus_stop,吴山广场东,confirmed,"02.csv,04.csv,05.csv",30.2431311,120.16173,,56,停靠56次，累计2010秒
bus_stop,采荷芙蓉邨4幢,confirmed,"02.csv,04.csv,05.csv",30.2564817,120.1909634,,55,停靠55次，累计1310秒
bus_stop,商教苑,confirmed,"02.csv,04.csv,05.csv",30.2487798,120.1837412,,53,停靠53次，累计1900秒
bus_stop,九堡,confirmed,"01.csv,03.csv",30.3102441,120.2617969,,51,停靠51次，累计1400秒
bus_stop,双菱小区,confirmed,"02.csv,04.csv,05.csv",30.2554507,120.1909152,,51,停靠51次，累计1760秒
bus_stop,新塘家园,confirmed,"02.csv,04.csv,05.csv",30.2767889,120.2081752,,51,停靠51次，累计2450秒
bus_stop,凯铁新村,confirmed,"02.csv,04.csv,05.csv",30.2529437,120.184988,,49,停靠49次，累计1160秒
bus_stop,地铁庆春广场站B2口,confirmed,"02.csv,04.csv,05.csv",30.2606519,120.1997799,,49,停靠49次，累计2400秒
bus_stop,九堡,confirmed,"01.csv,03.csv",30.3098418,120.2617787,,47,停靠47次，累计1820秒
bus_stop,采荷路秋涛路口,confirmed,"02.csv,05.csv",30.2544335,120.1935491,,45,停靠45次，累计14880秒
bus_stop,唐家井,confirmed,"02.csv,04.csv,05.csv",30.2654857,120.209992,,42,停靠42次，累计1140秒
bus_stop,水湘西苑,confirmed,"02.csv,04.csv,05.csv",30.2743882,120.2085597,,42,停靠42次，累计1030秒
bus_stop,钱江四苑西,confirmed,"02.csv,04.csv,05.csv",30.2622339,120.2068063,,42,停靠42次，累计1350秒
bus_stop,惠民路,confirmed,"02.csv,04.csv,05.csv",30.2451571,120.1652897,,40,停靠40次，累计1230秒
bus_stop,小车桥,confirmed,"02.csv,05.csv",30.2607073,120.1558321,,38,停靠38次，累计1280秒
bus_stop,德胜东路九环路口,confirmed,"01.csv,03.csv,04.csv",30.3123398,120.250047,,38,停靠38次，累计2760秒
bus_stop,地铁九堡站C口,confirmed,"01.csv,03.csv",30.3104561,120.2600379,,37,停靠37次，累计900秒
bus_stop,采荷芙蓉邨,confirmed,"02.csv,04.csv,05.csv",30.2544706,120.1897296,,37,停靠37次，累计920秒
bus_stop,商教苑,confirmed,"02.csv,04.csv,05.csv",30.2485624,120.182662,,36,停靠36次，累计1520秒
bus_stop,望江新园三园,confirmed,"02.csv,04.csv,05.csv",30.2386714,120.1808523,,36,停靠36次，累计850秒
bus_stop,钱江四苑西,confirmed,"02.csv,04.csv,05.csv",30.2625528,120.2069613,,34,停靠34次，累计830秒
bus_stop,三里亭农翠巷总站,confirmed,03.csv,30.3047842,120.1845433,,33,停靠33次，累计11970秒
bus_stop,庆春广场北,confirmed,"02.csv,05.csv",30.2633763,120.2025694,,29,停靠29次，累计1920秒
bus_stop,顺福路塘潮街口,confirmed,"02.csv,05.csv",30.2671941,120.2067322,,29,停靠29次，累计1660秒
bus_stop,建福街普德路口,confirmed,"01.csv,03.csv",30.3092751,120.2416196,,28,停靠28次，累计2240秒
bus_stop,杨家埠桥,confirmed,"01.csv,03.csv",30.3115231,120.2425825,,28,停靠28次，累计730秒
bus_stop,景芳一区南,confirmed,"02.csv,05.csv",30.266652,120.1992327,,26,停靠26次，累计820秒
bus_stop,清泰门外,confirmed,"02.csv,04.csv,05.csv",30.2434406,120.191885,,25,停靠25次，累计1050秒
bus_stop,红五月社区,confirmed,"01.csv,03.csv,04.csv",30.3097855,120.2451477,,25,停靠25次，累计800秒
bus_stop,五福天星龙,confirmed,"02.csv,05.csv",30.265774,120.206598,,24,停靠24次，累计1420秒
bus_stop,吴山广场东,confirmed,"02.csv,04.csv,05.csv",30.243026,120.1615205,,24,停靠24次，累计920秒
bus_stop,新传媒产业大厦,confirmed,"02.csv,05.csv",30.2633369,120.2040607,,24,停靠24次，累计1780秒
bus_stop,来和汤,confirmed,"02.csv,03.csv,04.csv,05.csv",30.3068049,120.2517403,,24,停靠24次，累计1370秒
bus_stop,井亭桥,confirmed,"02.csv,03.csv",30.2546449,120.1620745,,22,停靠22次，累计700秒
bus_stop,庆春银泰,confirmed,"02.csv,05.csv",30.2630311,120.2002117,,22,停靠22次，累计800秒
bus_stop,运河东路昙花庵路口,confirmed,"02.csv,04.csv,05.csv",30.2753289,120.2173423,,22,停靠22次，累计730秒
bus_stop,五福苑二苑,confirmed,"04.csv,05.csv",30.2634855,120.2083316,,21,停靠21次，累计600秒
bus_stop,小车桥,confirmed,"02.csv,04.csv,05.csv",30.260536,120.1564981,,21,停靠21次，累计1320秒
bus_stop,昙花庵桥西,confirmed,"02.csv,05.csv",30.2736806,120.2104636,,19,停靠19次，累计1000秒
bus_stop,唐家井,confirmed,"02.csv,04.csv,05.csv",30.264638,120.2102331,,18,停靠18次，累计430秒
bus_stop,始板桥,confirmed,"02.csv,04.csv,05.csv",30.2403131,120.1807271,,18,停靠18次，累计400秒
bus_stop,斗门港,confirmed,03.csv,30.3066284,120.0938406,,18,停靠18次，累计5000秒
bus_stop,莫邪塘,confirmed,"02.csv,04.csv,05.csv",30.2443155,120.1815946,,18,停靠18次，累计400秒
bus_stop,清泰门外,confirmed,"02.csv,04.csv,05.csv",30.2433138,120.192327,,17,停靠17次，累计590秒
bus_stop,运新花苑南,confirmed,"02.csv,04.csv,05.csv",30.2738143,120.2223943,,17,停靠17次，累计380秒
bus_stop,总管塘西,confirmed,"02.csv,04.csv,05.csv",30.2477329,120.1880237,,16,停靠16次，累计700秒
bus_stop,凯旋路36号,confirmed,"02.csv,04.csv,05.csv",30.2500128,120.183979,,15,停靠15次，累计630秒
bus_stop,地铁九堡站C口,confirmed,"01.csv,03.csv",30.3099882,120.2615774,,15,停靠15次，累计400秒
bus_stop,庆春隧道西口,confirmed,"02.csv,04.csv",30.259468,120.2051398,,15,停靠15次，累计580秒
bus_stop,景芳亭,confirmed,"02.csv,05.csv",30.2678707,120.1955432,,15,停靠15次，累计620秒
bus_stop,景芳亭,confirmed,"02.csv,05.csv",30.2684912,120.1955149,,15,停靠15次，累计720秒
bus_stop,朝晖一区南,confirmed,03.csv,30.2839992,120.1634892,,15,停靠15次，累计900秒
bus_stop,采荷路秋涛路口,confirmed,"02.csv,05.csv",30.2542111,120.19382,,15,停靠15次，累计6790秒
bus_stop,三里亭临时总站,confirmed,03.csv,30.2990707,120.1901143,,14,停靠14次，累计1000秒
bus_stop,地铁钱江路站（A·C）,confirmed,"02.csv,04.csv,05.csv",30.2592626,120.2075974,,14,停靠14次，累计590秒
bus_stop,运新花苑三区,confirmed,"04.csv,05.csv",30.2763025,120.2215366,,14,停靠14次，累计350秒
bus_stop,地铁钱江路站（A·C）,confirmed,"02.csv,04.csv,05.csv",30.2585463,120.2080884,,13,停靠13次，累计950秒
bus_stop,钱江六苑,confirmed,"02.csv,05.csv",30.2634654,120.2061079,,13,停靠13次，累计330秒
bus_stop,三坝,confirmed,03.csv,30.3016848,120.093163,,12,停靠12次，累计490秒
bus_stop,九堡街道,confirmed,"01.csv,03.csv",30.3127436,120.2690105,,12,停靠12次，累计690秒
bus_stop,吴山广场华光巷,confirmed,"02.csv,04.csv,05.csv",30.2454645,120.1619527,,12,停靠12次，累计470秒
bus_stop,新传媒产业大厦,confirmed,"02.csv,05.csv",30.2634319,120.2041653,,12,停靠12次，累计820秒
bus_stop,九和路九盛路口,confirmed,"01.csv,03.csv",30.3102268,120.2551407,,11,停靠11次，累计310秒
bus_stop,昙花庵桥西,confirmed,"02.csv,05.csv",30.2732901,120.2102127,,11,停靠11次，累计1270秒
bus_stop,丰潭路,confirmed,03.csv,30.2842335,120.1046046,,10,停靠10次，累计360秒
bus_stop,九睦路九沙大道口,confirmed,"01.csv,03.csv",30.3113706,120.2669424,,10,停靠10次，累计1800秒
bus_stop,文二西路通普路口,confirmed,03.csv,30.2848712,120.1123382,,10,停靠10次，累计270秒
bus_stop,五福天星龙,confirmed,"02.csv,05.csv",30.2659038,120.2067536,,9,停靠9次，累计650秒
bus_stop,凤起路新华路口,confirmed,03.csv,30.2668402,120.1722793,,9,停靠9次，累计450秒
bus_stop,市儿童医院,confirmed,03.csv,30.2840018,120.1666626,,9,停靠9次，累计300秒
bus_stop,沙田里,confirmed,03.csv,30.2812756,120.1738268,,9,停靠9次，累计710秒
bus_stop,运新花苑北,confirmed,"02.csv,04.csv",30.2753064,120.2191561,,9,停靠9次，累计1490秒
bus_stop,近江村北,confirmed,"02.csv,04.csv,05.csv",30.2434954,120.1899592,,9,停靠9次，累计270秒
bus_stop,顺福路塘潮街口,confirmed,"02.csv,05.csv",30.2672821,120.2065203,,9,停靠9次，累计300秒
bus_stop,三坝,confirmed,03.csv,30.3024488,120.0931587,,8,停靠8次，累计310秒
bus_stop,三里家园三区,confirmed,03.csv,30.2986324,120.186699,,8,停靠8次，累计220秒
bus_stop,九沙大道杭海路口,confirmed,"01.csv,03.csv",30.3130822,120.264625,,8,停靠8次，累计170秒
bus_stop,于家桥,confirmed,"01.csv,03.csv",30.3103587,120.2576163,,8,停靠8次，累计200秒
bus_stop,打铁关,confirmed,03.csv,30.289237,120.1737357,,8,停靠8次，累计2520秒
bus_stop,闸弄口,confirmed,03.csv,30.2868712,120.1878158,,8,停靠8次，累计430秒
bus_stop,上宁桥,confirmed,03.csv,30.2794089,120.1325511,,7,停靠7次，累计330秒
bus_stop,九莲新村西,confirmed,03.csv,30.2813467,120.1248283,,7,停靠7次，累计260秒
bus_stop,学院路,confirmed,03.csv,30.2850547,120.1246616,,7,停靠7次，累计330秒
bus_stop,杭三大桥,confirmed,03.csv,30.2964146,120.0930186,,7,停靠7次，累计430秒
bus_stop,钱江六苑,confirmed,"02.csv,05.csv",30.2633626,120.2054318,,7,停靠7次，累计180秒
bus_stop,骆家庄,confirmed,03.csv,30.2889729,120.0957897,,7,停靠7次，累计190秒
bus_stop,五福新村,confirmed,"02.csv,05.csv",30.2688991,120.2064452,,6,停靠6次，累计170秒
bus_stop,吴山广场北,confirmed,"02.csv,04.csv",30.244869,120.159831,,6,停靠6次，累计160秒
bus_stop,文二西路丰潭路口,confirmed,03.csv,30.2843161,120.1072666,,6,停靠6次，累计210秒
bus_stop,水湘社区,confirmed,02.csv,30.2766221,120.2098542,,6,停靠6次，累计150秒
bus_stop,饮马井巷,confirmed,03.csv,30.2491949,120.1596378,,6,停靠6次，累计830秒
bus_stop,大塘新村,confirmed,03.csv,30.2814418,120.1513639,,5,停靠5次，累计270秒
bus_stop,市一医院,confirmed,"02.csv,03.csv",30.2583094,120.1628853,,5,停靠5次，累计110秒
bus_stop,市交警支队,confirmed,03.csv,30.283267,120.1596765,,5,停靠5次，累计150秒
bus_stop,市儿童医院,confirmed,03.csv,30.2842867,120.166499,,5,停靠5次，累计110秒
bus_stop,建国北路,confirmed,03.csv,30.2668621,120.1760922,,5,停靠5次，累计300秒
bus_stop,文冠巷,confirmed,03.csv,30.2993134,120.0930216,,5,停靠5次，累计120秒
bus_stop,新塘家园,confirmed,"02.csv,04.csv,05.csv",30.2771086,120.2083951,,5,停靠5次，累计819秒
bus_stop,景东小区,confirmed,"02.csv,04.csv",30.2702601,120.2103357,,5,停靠5次，累计200秒
bus_stop,景芳亭,confirmed,"02.csv,05.csv",30.2679471,120.1958901,,5,停靠5次，累计230秒
bus_stop,朝晖一区南,confirmed,03.csv,30.2835637,120.162641,,5,停靠5次，累计160秒
bus_stop,浣纱路国货路口,confirmed,"02.csv,03.csv",30.2518629,120.1616765,,5,停靠5次，累计220秒
bus_stop,艮新天桥东,confirmed,"02.csv,05.csv",30.2799803,120.2042414,,5,停靠5次，累计260秒
bus_stop,莫邪塘,confirmed,"04.csv,05.csv",30.2444525,120.1814031,,5,停靠5次，累计180秒
bus_stop,钱景社区,confirmed,"02.csv,05.csv",30.2744378,120.2108735,,5,停靠5次，累计230秒
bus_stop,未命名站点,confirmed,04.csv,30.2809843,120.2229307,,4,停靠4次，累计110秒
bus_stop,九州路红普路口,confirmed,"01.csv,03.csv",30.3152514,120.2469411,,4,停靠4次，累计1000秒
bus_stop,于家桥,confirmed,01.csv,30.3105264,120.2572596,,4,停靠4次，累计130秒
bus_stop,庆春广场北,confirmed,02.csv,30.2631261,120.2014857,,4,停靠4次，累计130秒
bus_stop,政新花园,confirmed,03.csv,30.2931826,120.0930101,,4,停靠4次，累计130秒
bus_stop,来和汤,confirmed,04.csv,30.3057874,120.2497973,,4,停靠4次，累计110秒
bus_stop,百田桥,confirmed,03.csv,30.3019654,120.1885059,,4,停靠4次，累计410秒
bus_stop,红普路九州路口,confirmed,03.csv,30.3140446,120.2460054,,4,停靠4次，累计800秒
bus_stop,运新路御临路口,confirmed,"02.csv,04.csv",30.2769881,120.221605,,4,停靠4次，累计80秒
bus_stop,运新路御临路口,confirmed,04.csv,30.2765666,120.2208701,,4,停靠4次，累计90秒
bus_stop,钱江七苑,confirmed,"02.csv,05.csv",30.2642219,120.2068555,,4,停靠4次，累计160秒
bus_stop,三里亭苑四区,confirmed,03.csv,30.2978389,120.1860644,,3,停靠3次，累计60秒
bus_stop,丰潭路文一西路口,confirmed,03.csv,30.2872729,120.1035819,,3,停靠3次，累计110秒
bus_stop,九莲新村,confirmed,03.csv,30.2793394,120.1276391,,3,停靠3次，累计80秒
bus_stop,文三路马塍路口,confirmed,03.csv,30.2801063,120.1413234,,3,停靠3次，累计80秒
bus_stop,文三路马塍路口,confirmed,03.csv,30.2797935,120.1403333,,3,停靠3次，累计70秒
bus_stop,文晖大桥东,confirmed,03.csv,30.2862543,120.1845374,,3,停靠3次，累计60秒
bus_stop,文晖大桥西,confirmed,03.csv,30.2845739,120.1698491,,3,停靠3次，累计120秒
bus_stop,景芳公园,confirmed,02.csv,30.2716627,120.2063405,,3,停靠3次，累计80秒
bus_stop,景芳公园,confirmed,02.csv,30.2719569,120.2064612,,3,停靠3次，累计140秒
bus_stop,艮新天桥西,confirmed,02.csv,30.2797683,120.2018591,,3,停靠3次，累计130秒
bus_stop,雅仕苑,confirmed,03.csv,30.2889304,120.1010277,,3,停靠3次，累计100秒
bus_stop,市一医院,candidate,"02.csv,03.csv,05.csv",30.2582893,120.1631443,,6,停靠6次，累计560秒
bus_stop,浣纱路国货路口,candidate,"02.csv,03.csv",30.2506812,120.1618942,,6,停靠6次，累计190秒
bus_stop,井亭桥,candidate,"02.csv,03.csv",30.2542846,120.1617685,,5,停靠5次，累计160秒
bus_stop,九环路德胜东路北口,candidate,03.csv,30.3141824,120.2506885,,4,停靠4次，累计1560秒
bus_stop,四季青派出所,candidate,"02.csv,04.csv,05.csv",30.2682644,120.2122173,,4,停靠4次，累计240秒
bus_stop,地铁钱江路站北,candidate,"02.csv,04.csv,05.csv",30.2607141,120.2068988,,4,停靠4次，累计120秒
bus_stop,水湘西苑,candidate,"02.csv,05.csv",30.2740934,120.2083834,,4,停靠4次，累计100秒
bus_stop,艮新天桥东,candidate,"02.csv,05.csv",30.280637,120.2045875,,4,停靠4次，累计180秒
bus_stop,五福苑一苑,candidate,"04.csv,05.csv",30.263661,120.2112133,,3,停靠3次，累计100秒
bus_stop,四季青市场北,candidate,"02.csv,05.csv",30.2542412,120.1919733,,3,停靠3次，累计90秒
bus_stop,庆春广场,candidate,"02.csv,05.csv",30.26235,120.1997638,,3,停靠3次，累计90秒
bus_stop,钱潮路塘潮街口,candidate,"02.csv,05.csv",30.2686906,120.2098703,,3,停靠3次，累计60秒
bus_stop,青春坊东门,candidate,03.csv,30.2625794,120.1716194,,3,停靠3次，累计140秒
bus_stop,未命名站点,candidate,"01.csv,05.csv",30.3066102,120.2480627,,2,停靠2次，累计100秒
bus_stop,三坝,candidate,03.csv,30.3013589,120.0930347,,2,停靠2次，累计40秒
bus_stop,三里亭苑四区,candidate,03.csv,30.2981849,120.1862826,,2,停靠2次，累计40秒
bus_stop,上宁桥,candidate,03.csv,30.279645,120.1329553,,2,停靠2次，累计50秒
bus_stop,下菩萨,candidate,03.csv,30.2904579,120.1910326,,2,停靠2次，累计80秒
bus_stop,创智绿谷北门,candidate,03.csv,30.3153834,120.2472469,,2,停靠2次，累计200秒
bus_stop,古翠路,candidate,03.csv,30.2844514,120.1129204,,2,停靠2次，累计50秒
bus_stop,四季青市场北,candidate,02.csv,30.2544892,120.1918741,,2,停靠2次，累计60秒
bus_stop,平海路岳王路口,candidate,05.csv,30.2565969,120.1646803,,2,停靠2次，累计70秒
bus_stop,庆春广场,candidate,02.csv,30.2613886,120.1995653,,2,停靠2次，累计50秒
bus_stop,庆春银泰,candidate,02.csv,30.2627879,120.199568,,2,停靠2次，累计90秒
bus_stop,建国北路文晖路口,candidate,03.csv,30.2833973,120.1727486,,2,停靠2次，累计120秒
bus_stop,所巷,candidate,"02.csv,03.csv",30.2669583,120.1754489,,2,停靠2次，累计100秒
bus_stop,文二西路通普路口,candidate,03.csv,30.2842341,120.111948,,2,停靠2次，累计70秒
bus_stop,文晖大桥东,candidate,03.csv,30.2860601,120.1848721,,2,停靠2次，累计40秒
bus_stop,新业路,candidate,02.csv,30.2522717,120.2046749,,2,停靠2次，累计70秒
bus_stop,新业路城园路口,candidate,02.csv,30.2538752,120.2014723,,2,停靠2次，累计80秒
bus_stop,新塘路红五月路口,candidate,"01.csv,04.csv",30.3050715,120.2470863,,2,停靠2次，累计140秒
bus_stop,普福家园北区,candidate,03.csv,30.3122569,120.2408891,,2,停靠2次，累计40秒
bus_stop,树园,candidate,03.csv,30.2710995,120.1757855,,2,停靠2次，累计90秒
bus_stop,流水北苑,candidate,03.csv,30.2820334,120.1766042,,2,停靠2次，累计40秒
bus_stop,硬官塘,candidate,03.csv,30.3036804,120.0967562,,2,停靠2次，累计390秒
bus_stop,红普路九州路口,candidate,03.csv,30.3141469,120.2456691,,2,停靠2次，累计140秒
bus_stop,运河艮山公园,candidate,03.csv,30.2786299,120.1808523,,2,停靠2次，累计80秒
bus_stop,采荷新村,candidate,"02.csv,05.csv",30.2557317,120.1964172,,2,停靠2次，累计90秒
bus_stop,采荷新村,candidate,"02.csv,05.csv",30.2567016,120.1958975,,2,停靠2次，累计60秒
bus_stop,雅仕苑,candidate,03.csv,30.2891841,120.1011855,,2,停靠2次，累计40秒
bus_stop,未命名站点,candidate,02.csv,30.306538,120.2477205,,1,停靠1次，累计30秒
bus_stop,三堡船闸,candidate,02.csv,30.2632697,120.2161574,,1,停靠1次，累计50秒
bus_stop,三里亭苑一区,candidate,03.csv,30.2957627,120.1890027,,1,停靠1次，累计20秒
bus_stop,三里新城梅苑,candidate,03.csv,30.2931503,120.1903707,,1,停靠1次，累计20秒
bus_stop,三里竹苑东门,candidate,03.csv,30.2959341,120.1862991,,1,停靠1次，累计20秒
bus_stop,下菩萨,candidate,03.csv,30.2907775,120.1907377,,1,停靠1次，累计60秒
bus_stop,严家弄,candidate,02.csv,30.2733023,120.1957349,,1,停靠1次，累计50秒
bus_stop,丰潭路文一西路口,candidate,03.csv,30.2874951,120.1032172,,1,停靠1次，累计30秒
bus_stop,乌龙庙,candidate,02.csv,30.2551981,120.2030012,,1,停靠1次，累计40秒
bus_stop,九环路九昌路口,candidate,01.csv,30.3226202,120.2544697,,1,停靠1次，累计20秒
bus_stop,九睦路九沙大道口,candidate,01.csv,30.3109261,120.267173,,1,停靠1次，累计20秒
bus_stop,九莲新村,candidate,03.csv,30.2792051,120.1293517,,1,停靠1次，累计20秒
bus_stop,九莲新村西,candidate,03.csv,30.2807533,120.1251088,,1,停靠1次，累计80秒
bus_stop,五福新村,candidate,02.csv,30.2691423,120.2066436,,1,停靠1次，累计20秒
bus_stop,南山路万松岭路口,candidate,05.csv,30.2370281,120.1520115,,1,停靠1次，累计40秒
bus_stop,吴山广场北,candidate,02.csv,30.2450483,120.1598198,,1,停靠1次，累计30秒
bus_stop,大东门,candidate,03.csv,30.2656398,120.1715117,,1,停靠1次，累计30秒
bus_stop,定海村,candidate,02.csv,30.2589097,120.203433,,1,停靠1次，累计40秒
bus_stop,岳坟,candidate,05.csv,30.2544014,120.12821,,1,停靠1次，累计30秒
bus_stop,庆春广场,candidate,05.csv,30.2620488,120.1996136,,1,停靠1次，累计20秒
bus_stop,建北桥,candidate,03.csv,30.2807861,120.1723933,,1,停靠1次，累计60秒
bus_stop,建国北路文晖路口,candidate,03.csv,30.2829456,120.1725206,,1,停靠1次，累计40秒
bus_stop,德胜东路九环路口,candidate,04.csv,30.3131518,120.2524213,,1,停靠1次，累计20秒
bus_stop,打铁关,candidate,03.csv,30.2868553,120.1716918,,1,停靠1次，累计30秒
bus_stop,打铁关,candidate,03.csv,30.2878388,120.1721802,,1,停靠1次，累计40秒
bus_stop,政新花园,candidate,03.csv,30.2914457,120.0932425,,1,停靠1次，累计20秒
bus_stop,政新花园,candidate,03.csv,30.2940968,120.0932933,,1,停靠1次，累计20秒
bus_stop,政新花园,candidate,03.csv,30.2921961,120.093382,,1,停靠1次，累计40秒
bus_stop,文三路,candidate,03.csv,30.2791646,120.1248967,,1,停靠1次，累计120秒
bus_stop,文新,candidate,03.csv,30.2915173,120.0933601,,1,停靠1次，累计30秒
bus_stop,新塘,candidate,02.csv,30.2785564,120.2027257,,1,停靠1次，累计30秒
bus_stop,新塘路凤起东路口,candidate,02.csv,30.2651898,120.2030968,,1,停靠1次，累计50秒
bus_stop,新塘路凤起东路口,candidate,02.csv,30.2646624,120.2035118,,1,停靠1次，累计50秒
bus_stop,普庆路资福街口,candidate,03.csv,30.3145938,120.2438217,,1,停靠1次，累计30秒
bus_stop,普福村,candidate,01.csv,30.311241,120.2379477,,1,停靠1次，累计40秒
bus_stop,杭州花圃,candidate,05.csv,30.2498964,120.1262016,,1,停靠1次，累计50秒
bus_stop,树园,candidate,03.csv,30.2707461,120.1755587,,1,停靠1次，累计50秒
bus_stop,潮鸣寺巷,candidate,03.csv,30.2650147,120.1759203,,1,停靠1次，累计20秒
bus_stop,相国井,candidate,03.csv,30.2526675,120.1609781,,1,停靠1次，累计20秒
bus_stop,章家坝小区,candidate,05.csv,30.2804881,120.2129388,,1,停靠1次，累计30秒
bus_stop,绿谷巷北口,candidate,04.csv,30.3154552,120.2490842,,1,停靠1次，累计50秒
bus_stop,艮新天桥南,candidate,05.csv,30.2773901,120.2030012,,1,停靠1次，累计30秒
bus_stop,节能公司,candidate,03.csv,30.2845777,120.1178172,,1,停靠1次，累计20秒
bus_stop,莫衙营,candidate,03.csv,30.2744864,120.1753154,,1,停靠1次，累计40秒
bus_stop,运新花苑南,candidate,04.csv,30.2750318,120.2247256,,1,停靠1次，累计80秒
bus_stop,采荷新村,candidate,05.csv,30.2572881,120.1958804,,1,停靠1次，累计20秒
bus_stop,钱塘门外,candidate,05.csv,30.2624723,120.1533254,,1,停靠1次，累计20秒
bus_stop,钱景社区,candidate,05.csv,30.2747575,120.210903,,1,停靠1次，累计30秒
bus_stop,钱江七苑,candidate,02.csv,30.2643122,120.2066946,,1,停靠1次，累计20秒
bus_stop,钱江路,candidate,04.csv,30.2580532,120.2082401,,1,停靠1次，累计50秒
bus_stop,闸弄口,candidate,03.csv,30.2873106,120.1878091,,1,停靠1次，累计110秒
bus_stop,闸弄口新村,candidate,03.csv,30.2779081,120.1869253,,1,停靠1次，累计70秒
bus_stop,骆家庄,candidate,03.csv,30.2887154,120.0965328,,1,停靠1次，累计50秒
bus_stop,龙翔桥,candidate,05.csv,30.2571141,120.159392,,1,停靠1次，累计70秒
traffic_signal,交通信号灯,,"01.csv,03.csv",30.3094077,120.2668223,,,距路线0.1米
traffic_signal,交通信号灯,,"01.csv,03.csv",30.3128173,120.2672715,,,距路线0.1米
traffic_signal,交通信号灯,,"01.csv,03.csv",30.3128204,120.2673778,,,距路线0.2米
traffic_signal,交通信号灯,,"01.csv,03.csv",30.3128738,120.2621392,,,距路线1.0米
traffic_signal,交通信号灯,,"01.csv,03.csv",30.308701,120.2620036,,,距路线1.2米
traffic_signal,交通信号灯,,"01.csv,03.csv",30.3129743,120.2673583,,,距路线1.3米
traffic_signal,交通信号灯,,"01.csv,03.csv",30.3094039,120.2669239,,,距路线2.1米
traffic_signal,交通信号灯,,"01.csv,03.csv",30.3085797,120.2620007,,,距路线3.0米
traffic_signal,交通信号灯,,"01.csv,03.csv",30.3086737,120.2618142,,,距路线3.2米
traffic_signal,交通信号灯,,"01.csv,03.csv",30.3110654,120.2693056,,,距路线3.4米
traffic_signal,交通信号灯,,"01.csv,03.csv",30.3130402,120.2621427,,,距路线4.8米
traffic_signal,交通信号灯,,"01.csv,03.csv",30.3129249,120.2715814,,,距路线4.9米
traffic_signal,交通信号灯,,"01.csv,03.csv",30.3085263,120.2618091,,,距路线12.6米
traffic_signal,交通信号灯,,"01.csv,03.csv",30.3092715,120.2668935,,,距路线12.8米
traffic_signal,交通信号灯,,"01.csv,03.csv",30.309277,120.2667942,,,距路线13.0米
traffic_signal,交通信号灯,,"01.csv,03.csv",30.3130061,120.27159,,,距路线13.8米
traffic_signal,交通信号灯,,"01.csv,03.csv",30.3125574,120.2719018,,,距路线36.5米
traffic_signal,交通信号灯,,"01.csv,03.csv",30.3131278,120.2719272,,,距路线42.3米
traffic_signal,交通信号灯,,02.csv,30.252234,120.2049503,,,距路线11.0米
traffic_signal,交通信号灯,,02.csv,30.2520483,120.2048623,,,距路线29.2米
traffic_signal,交通信号灯,,02.csv,30.263251,120.1668042,,,距路线35.6米
traffic_signal,交通信号灯,,02.csv,30.2632498,120.1667565,,,距路线40.0米
traffic_signal,交通信号灯,,02.csv,30.2520514,120.2051827,,,距路线40.9米
traffic_signal,交通信号灯,,02.csv,30.2519299,120.2050712,,,距路线46.1米
traffic_signal,交通信号灯,,02.csv,30.2662818,120.183182,,,距路线51.2米
traffic_signal,交通信号灯,,02.csv,30.2669541,120.1665783,,,距路线52.5米
traffic_signal,交通信号灯,,02.csv,30.2646283,120.2182302,,,距路线55.6米
traffic_signal,交通信号灯,,02.csv,30.2662033,120.1831705,,,距路线56.4米
traffic_signal,交通信号灯,,02.csv,30.2662658,120.1832857,,,距路线60.1米
traffic_signal,交通信号灯,,02.csv,30.2661889,120.1832741,,,距路线64.6米
traffic_signal,交通信号灯,,"02.csv,03.csv",30.2483826,120.1617005,,,距路线9.7米
traffic_signal,交通信号灯,,"02.csv,03.csv",30.248446,120.1616993,,,距路线9.7米
traffic_signal,交通信号灯,,"02.csv,03.csv",30.2482541,120.1618075,,,距路线9.8米
traffic_signal,交通信号灯,,"02.csv,03.csv",30.2481982,120.1618101,,,距路线15.9米
traffic_signal,交通信号灯,,"02.csv,03.csv",30.2482408,120.1598562,,,距路线17.4米
traffic_signal,交通信号灯,,"02.csv,03.csv",30.2482396,120.1597972,,,距路线19.4米
traffic_signal,交通信号灯,,"02.csv,03.csv",30.2483355,120.1598353,,,距路线21.4米
traffic_signal,交通信号灯,,"02.csv,03.csv",30.2483345,120.1597493,,,距路线29.6米
traffic_signal,交通信号灯,,"02.csv,03.csv,04.csv,05.csv",30.2602725,120.1705356,,,距路线0.4米
traffic_signal,交通信号灯,,"02.csv,03.csv,04.csv,05.csv",30.2604122,120.1670562,,,距路线0.5米
traffic_signal,交通信号灯,,"02.csv,03.csv,04.csv,05.csv",30.2602837,120.1717063,,,距路线0.7米
traffic_signal,交通信号灯,,"02.csv,03.csv,04.csv,05.csv",30.2604051,120.1760185,,,距路线1.5米
traffic_signal,交通信号灯,,"02.csv,03.csv,04.csv,05.csv",30.260353,120.165003,,,距路线1.7米
traffic_signal,交通信号灯,,"02.csv,03.csv,04.csv,05.csv",30.2604466,120.1634982,,,距路线1.7米
traffic_signal,交通信号灯,,"02.csv,03.csv,04.csv,05.csv",30.260279,120.1670568,,,距路线1.7米
traffic_signal,交通信号灯,,"02.csv,03.csv,04.csv,05.csv",30.2603904,120.1705514,,,距路线2.1米
traffic_signal,交通信号灯,,"02.csv,03.csv,04.csv,05.csv",30.260377,120.1717041,,,距路线2.7米
traffic_signal,交通信号灯,,"02.csv,03.csv,04.csv,05.csv",30.2604903,120.1649645,,,距路线3.4米
traffic_signal,交通信号灯,,"02.csv,03.csv,04.csv,05.csv",30.2602795,120.166783,,,距路线3.9米
traffic_signal,交通信号灯,,"02.csv,03.csv,04.csv,05.csv",30.2604088,120.1761358,,,距路线4.1米
traffic_signal,交通信号灯,,"02.csv,03.csv,04.csv,05.csv",30.2604459,120.1667922,,,距路线4.3米
traffic_signal,交通信号灯,,"02.csv,03.csv,04.csv,05.csv",30.2605771,120.1635338,,,距路线5.0米
traffic_signal,交通信号灯,,"02.csv,03.csv,04.csv,05.csv",30.2603265,120.1761403,,,距路线5.2米
traffic_signal,交通信号灯,,"02.csv,03.csv,04.csv,05.csv",30.2603057,120.1760204,,,距路线6.4米
traffic_signal,交通信号灯,,"02.csv,03.csv,05.csv",30.256496,120.1626206,,,距路线30.0米
traffic_signal,交通信号灯,,"02.csv,03.csv,05.csv",30.2564931,120.1625123,,,距路线36.5米
traffic_signal,交通信号灯,,"02.csv,03.csv,05.csv",30.2563829,120.1625881,,,距路线37.2米
traffic_signal,交通信号灯,,"02.csv,03.csv,05.csv",30.25638,120.1624821,,,距路线46.7米
traffic_signal,交通信号灯,,"02.csv,04.csv,05.csv",30.2402835,120.1674943,,,距路线0.6米
traffic_signal,交通信号灯,,"02.csv,04.csv,05.csv",30.2401714,120.1674691,,,距路线0.9米
traffic_signal,交通信号灯,,"02.csv,04.csv,05.csv",30.2729011,120.202906,,,距路线1.3米
traffic_signal,交通信号灯,,"02.csv,04.csv,05.csv",30.2387069,120.1721081,,,距路线1.3米
traffic_signal,交通信号灯,,"02.csv,04.csv,05.csv",30.260595,120.1570009,,,距路线1.8米
traffic_signal,交通信号灯,,"02.csv,04.csv,05.csv",30.2606362,120.1591311,,,距路线1.8米
traffic_signal,交通信号灯,,"02.csv,04.csv,05.csv",30.2607886,120.1591097,,,距路线1.8米
traffic_signal,交通信号灯,,"02.csv,04.csv,05.csv",30.2388569,120.1724278,,,距路线1.8米
traffic_signal,交通信号灯,,"02.csv,04.csv,05.csv",30.2607083,120.1568783,,,距路线2.0米
traffic_signal,交通信号灯,,"02.csv,04.csv,05.csv",30.2607906,120.1592291,,,距路线2.0米
traffic_signal,交通信号灯,,"02.csv,04.csv,05.csv",30.2402095,120.1672874,,,距路线2.5米
traffic_signal,交通信号灯,,"02.csv,04.csv,05.csv",30.2606401,120.1592593,,,距路线2.7米
traffic_signal,交通信号灯,,"02.csv,04.csv,05.csv",30.2403156,120.1673145,,,距路线3.3米
traffic_signal,交通信号灯,,"02.csv,04.csv,05.csv",30.2389325,120.1722424,,,距路线3.5米
traffic_signal,交通信号灯,,"02.csv,04.csv,05.csv",30.2728709,120.20306,,,距路线4.4米
traffic_signal,交通信号灯,,"02.csv,04.csv,05.csv",30.2463563,120.1901134,,,距路线5.4米
traffic_signal,交通信号灯,,"02.csv,04.csv,05.csv",30.2697836,120.1992067,,,距路线5.4米
traffic_signal,交通信号灯,,"02.csv,04.csv,05.csv",30.2600818,120.1997134,,,距路线5.6米
traffic_signal,交通信号灯,,"02.csv,04.csv,05.csv",30.2386346,120.1722767,,,距路线6.1米
traffic_signal,交通信号灯,,"02.csv,04.csv,05.csv",30.2599143,120.1997166,,,距路线6.8米
traffic_signal,交通信号灯,,"02.csv,04.csv,05.csv",30.2465119,120.1902036,,,距路线7.6米
traffic_signal,交通信号灯,,"02.csv,04.csv,05.csv",30.2525848,120.1850797,,,距路线22.2米
traffic_signal,交通信号灯,,"02.csv,05.csv",30.2603369,120.1828137,,,距路线18.6米
traffic_signal,交通信号灯,,"02.csv,05.csv",30.2600688,120.182819,,,距路线24.7米
traffic_signal,交通信号灯,,03.csv,30.2887494,120.0939417,,,距路线1.6米
traffic_signal,交通信号灯,,03.csv,30.2886678,120.0938632,,,距路线1.6米
traffic_signal,交通信号灯,,03.csv,30.2890366,120.1029438,,,距路线2.6米
traffic_signal,交通信号灯,,03.csv,30.277006,120.1744307,,,距路线2.9米
traffic_signal,交通信号灯,,03.csv,30.2847341,120.1723679,,,距路线4.1米
traffic_signal,交通信号灯,,03.csv,30.284227,120.1045055,,,距路线4.4米
traffic_signal,交通信号灯,,03.csv,30.2892132,120.1029048,,,距路线4.7米
traffic_signal,交通信号灯,,03.csv,30.3024066,120.0931033,,,距路线4.9米
traffic_signal,交通信号灯,,03.csv,30.282351,120.178018,,,距路线5.6米
traffic_signal,交通信号灯,,03.csv,30.2850008,120.1247022,,,距路线6.0米
traffic_signal,交通信号灯,,03.csv,30.2840841,120.104529,,,距路线6.4米
traffic_signal,交通信号灯,,03.csv,30.2849973,120.1246107,,,距路线7.2米
traffic_signal,交通信号灯,,03.csv,30.2886703,120.0939561,,,距路线7.3米
traffic_signal,交通信号灯,,03.csv,30.2778044,120.1811647,,,距路线8.1米
traffic_signal,交通信号灯,,03.csv,30.2887514,120.0938486,,,距路线8.7米
traffic_signal,交通信号灯,,03.csv,30.2777973,120.1809974,,,距路线8.9米
traffic_signal,交通信号灯,,03.csv,30.2842136,120.1043466,,,距路线9.5米
traffic_signal,交通信号灯,,03.csv,30.2840794,120.1043616,,,距路线9.7米
traffic_signal,交通信号灯,,03.csv,30.2823207,120.1778858,,,距路线10.3米
traffic_signal,交通信号灯,,03.csv,30.2809887,120.173069,,,距路线11.1米
traffic_signal,交通信号灯,,03.csv,30.2797269,120.1735228,,,距路线11.3米
traffic_signal,交通信号灯,,03.csv,30.2840414,120.1642287,,,距路线11.4米
traffic_signal,交通信号灯,,03.csv,30.2839134,120.1643312,,,距路线11.5米
traffic_signal,交通信号灯,,03.csv,30.2769024,120.174454,,,距路线11.7米
traffic_signal,交通信号灯,,03.csv,30.3024057,120.0932954,,,距路线12.3米
traffic_signal,交通信号灯,,03.csv,30.2499695,120.1596205,,,距路线12.7米
traffic_signal,交通信号灯,,03.csv,30.2819061,120.1248141,,,距路线13.1米
traffic_signal,交通信号灯,,03.csv,30.2773649,120.1743381,,,距路线13.7米
traffic_signal,交通信号灯,,03.csv,30.2810265,120.1732035,,,距路线14.0米
traffic_signal,交通信号灯,,03.csv,30.2892387,120.1030388,,,距路线14.2米
traffic_signal,交通信号灯,,03.csv,30.2904768,120.1725286,,,距路线14.3米
traffic_signal,交通信号灯,,03.csv,30.2890311,120.1030922,,,距路线14.5米
traffic_signal,交通信号灯,,03.csv,30.2847138,120.1721737,,,距路线15.6米
traffic_signal,交通信号灯,,03.csv,30.2848374,120.1721485,,,距路线15.6米
traffic_signal,交通信号灯,,03.csv,30.2668917,120.1761373,,,距路线16.4米
traffic_signal,交通信号灯,,03.csv,30.285277,120.1765148,,,距路线16.7米
traffic_signal,交通信号灯,,03.csv,30.2803342,120.1464879,,,距路线16.9米
traffic_signal,交通信号灯,,03.csv,30.2845492,120.1724076,,,距路线16.9米
traffic_signal,交通信号灯,,03.csv,30.2791303,120.1251778,,,距路线17.1米
traffic_signal,交通信号灯,,03.csv,30.3025176,120.093292,,,距路线17.1米
traffic_signal,交通信号灯,,03.csv,30.2770297,120.1746416,,,距路线17.4米
traffic_signal,交通信号灯,,03.csv,30.2668853,120.1760299,,,距路线20.9米
traffic_signal,交通信号灯,,03.csv,30.277382,120.1745285,,,距路线21.7米
traffic_signal,交通信号灯,,03.csv,30.2845387,120.1146415,,,距路线21.7米
traffic_signal,交通信号灯,,03.csv,30.3106992,120.2716728,,,距路线21.7米
traffic_signal,交通信号灯,,03.csv,30.2819114,120.1249253,,,距路线22.0米
traffic_signal,交通信号灯,,03.csv,30.279129,120.1250748,,,距路线23.6米
traffic_signal,交通信号灯,,03.csv,30.2845234,120.1722137,,,距路线24.0米
traffic_signal,交通信号灯,,03.csv,30.2772633,120.1743554,,,距路线25.0米
traffic_signal,交通信号灯,,03.csv,30.2796427,120.1737313,,,距路线25.1米
traffic_signal,交通信号灯,,03.csv,30.2776063,120.1811553,,,距路线25.2米
traffic_signal,交通信号灯,,03.csv,30.2852454,120.1763318,,,距路线25.7米
traffic_signal,交通信号灯,,03.csv,30.2844476,120.1146636,,,距路线26.0米
traffic_signal,交通信号灯,,03.csv,30.28493,120.1764956,,,距路线26.0米
traffic_signal,交通信号灯,,03.csv,30.2775924,120.1810514,,,距路线26.0米
traffic_signal,交通信号灯,,03.csv,30.2803627,120.1466099,,,距路线26.7米
traffic_signal,交通信号灯,,03.csv,30.2844564,120.172429,,,距路线27.3米
traffic_signal,交通信号灯,,03.csv,30.2797937,120.1366342,,,距路线27.5米
traffic_signal,交通信号灯,,03.csv,30.2844681,120.1147826,,,距路线27.8米
traffic_signal,交通信号灯,,03.csv,30.2907459,120.1723153,,,距路线28.4米
traffic_signal,交通信号灯,,03.csv,30.2816234,120.1526957,,,距路线28.9米
traffic_signal,交通信号灯,,03.csv,30.2847083,120.1189159,,,距路线29.1米
traffic_signal,交通信号灯,,03.csv,30.2843442,120.1124175,,,距路线29.7米
traffic_signal,交通信号灯,,03.csv,30.2844348,120.1722747,,,距路线30.2米
traffic_signal,交通信号灯,,03.csv,30.2849524,120.1766815,,,距路线30.4米
traffic_signal,交通信号灯,,03.csv,30.2772852,120.1745598,,,距路线31.0米
traffic_signal,交通信号灯,,03.csv,30.2845598,120.114775,,,距路线32.3米
traffic_signal,交通信号灯,,03.csv,30.279465,120.1313477,,,距路线32.7米
traffic_signal,交通信号灯,,03.csv,30.2794602,120.1312429,,,距路线33.9米
traffic_signal,交通信号灯,,03.csv,30.2906726,120.1725842,,,距路线34.5米
traffic_signal,交通信号灯,,03.csv,30.281066,120.1501566,,,距路线35.1米
traffic_signal,交通信号灯,,03.csv,30.2847973,120.1189157,,,距路线35.4米
traffic_signal,交通信号灯,,03.csv,30.2841647,120.1645487,,,距路线35.9米
traffic_signal,交通信号灯,,03.csv,30.2833663,120.160807,,,距路线37.4米
traffic_signal,交通信号灯,,03.csv,30.2840784,120.1645781,,,距路线39.0米
traffic_signal,交通信号灯,,03.csv,30.2844366,120.1124113,,,距路线39.0米
traffic_signal,交通信号灯,,03.csv,30.2838972,120.1646292,,,距路线39.2米
traffic_signal,交通信号灯,,03.csv,30.2834658,120.1607725,,,距路线41.2米
traffic_signal,交通信号灯,,03.csv,30.2810397,120.1500448,,,距路线42.7米
traffic_signal,交通信号灯,,03.csv,30.280117,120.1426752,,,距路线43.3米
traffic_signal,交通信号灯,,03.csv,30.2909038,120.1723577,,,距路线46.3米
traffic_signal,交通信号灯,,05.csv,30.2565472,120.1645077,,,距路线9.9米
traffic_signal,交通信号灯,,05.csv,30.2482389,120.1560885,,,距路线18.2米
traffic_signal,交通信号灯,,05.csv,30.24816,120.1560859,,,距路线18.6米
traffic_signal,交通信号灯,,05.csv,30.2564353,120.1645185,,,距路线21.5米
traffic_signal,交通信号灯,,05.csv,30.2483501,120.156085,,,距路线24.3米
traffic_signal,交通信号灯,,05.csv,30.2484144,120.1560885,,,距路线29.3米
traffic_signal,交通信号灯,,05.csv,30.2527394,120.1596244,,,距路线30.8米
traffic_signal,交通信号灯,,05.csv,30.252739,120.1595221,,,距路线35.7米
traffic_signal,交通信号灯,,05.csv,30.256393,120.1594682,,,距路线39.3米
traffic_signal,交通信号灯,,05.csv,30.2526525,120.1596271,,,距路线39.8米
traffic_signal,交通信号灯,,05.csv,30.2635079,120.1531083,,,距路线42.0米
traffic_signal,交通信号灯,,05.csv,30.2356286,120.1513098,,,距路线42.6米
traffic_signal,交通信号灯,,05.csv,30.2636491,120.153123,,,距路线45.3米
traffic_signal,交通信号灯,,05.csv,30.252625,120.1595042,,,距路线47.2米
traffic_signal,交通信号灯,,05.csv,30.2565964,120.1653026,,,距路线47.9米
traffic_signal,交通信号灯,,05.csv,30.256332,120.1593541,,,距路线51.0米
traffic_signal,交通信号灯,,05.csv,30.2562663,120.1594923,,,距路线51.0米
traffic_signal,交通信号灯,,05.csv,30.2398039,120.1538421,,,距路线52.6米
traffic_signal,交通信号灯,,05.csv,30.2564774,120.1653193,,,距路线53.3米
traffic_signal,交通信号灯,,05.csv,30.263675,120.1532252,,,距路线55.6米
traffic_signal,交通信号灯,,05.csv,30.2357718,120.1512186,,,距路线57.5米
traffic_signal,交通信号灯,,05.csv,30.2593507,120.1593333,,,距路线62.1米
traffic_signal,交通信号灯,,05.csv,30.2397544,120.1536191,,,距路线62.3米
traffic_signal,交通信号灯,,05.csv,30.2593483,120.159231,,,距路线65.9米
